{"mtx": [[10941.565819385065, 0.0, 4262.099564997523], [0.0, 10912.855791393275, 2751.172354069609], [0.0, 0.0, 1.0]], "dist": [[-0.22664155104017353, -0.3191433822628603, 0.0018437315956183113, -0.0012497302939623097, 2.1942762665311935]]}